{
    "personal_info": {
      "name": "Supriya Shenoy U",
      "title": "Associate Software Developer",
      "caption": "Developing and maintaining computer software",
      "email": "sudyavara@galaxe.com",
      "phone": "123-456-7890",
      "address": "shivaprkash sadan main road,udyavara",
      "skills": ["HTML", "CSS", "JavaScript"],
      "Exp": "1 month in Galaxe Solution"
    },
    "Career_Objective": "To obtain a technology-focused role to creatively tackle real-life challenges using my passion for innovation and staying updated with the latest technology trends. Eager to approach tasks with an open and curious mindset while actively seeking opportunities for growth and learning.",
    "educational_qualifications": [
      {
        "degree": "10th Class",
        "year_of_passing": "2017",
        "grade": "A+",
        "institute": "TA PAI EMHS"
      },
      {
        "degree": "PUC",
        "year_of_passing": "2019",
        "grade": "A+",
        "institute": "PPC"
      },
      {
        "degree": "Engineering",
        "year_of_passing": "2023",
        "grade": "A",
        "institute": "Sahyadri College"
      },
      {
        "degree": "Master Degree",
        "year_of_passing": "2026",
        "grade": "A",
        "institute": "MIT"
      }
    ],
    
    "professional_skills": {
      "Positive Behaviors": "50%",
      "Teamworking Abilities": "85%",
      "Time Management": "95%",
      "Excellent Communication": "90%"
    }
  }
  
  
  
          