<configuration>
 

  # File appender
<appender name="fout" class="ch.qos.logback.core.rolling.RollingFileAppender">
  <file>logs\\logFile.log</file>
  <rollingPolicy class="ch.qos.logback.core.rolling.SizeAndTimeBasedRollingPolicy">
    <fileNamePattern>logs\\logFile.%d{yyyy-MM-dd}.%i.log</fileNamePattern>
    <maxFileSize>50MB</maxFileSize>
    <maxHistory>10</maxHistory>
  </rollingPolicy>
  <encoder>
    <pattern>%date %level [%thread] %logger{10} [%file : %line] -%kvp- %msg%n</pattern>
  </encoder>
</appender>


  # Override log level for specified package
  <logger name="com.nveda.log4j" level="TRACE"/>

  <root level="DEBUG">
    <appender-ref ref="fout" />
  </root>
</configuration>